Group,Conversion_Rate
Control,0.029447012497859956
Treatment,0.052860809374432896
